{
  "numbers" : {
    "un" : 1,
    "deux" : 2,
    "trois" : 3,
    "quatre" : 4,
    "cinq" : 5,
    "six" : 6,
    "sept" : 7,
    "huit" : 8,
    "neuf" : 9,
    "dix" : 10,
    "onze" : 11,
    "douze" : 12,
    "treize" : 13,
    "quatorze" : 14,
    "quinze" : 15,
    "seize" : 16,
    "dix-sept" : 17,
    "dix-huit" : 18,
    "dix-neuf" : 19,
    "vingt" : 20,
    "trente" : 30,
    "quarante" : 40,
    "cinquante" : 50,
    "soixante" : 60,
    "soixante-dix" : 70,
    "quatre-vingts" : 80,
    "quatre-vingt-dix" : 90
  },
  "words" : {
    "plus" : "+",
    "divisé par" : "/",
    "moins" : "-",
    "fois" : "*",
    "équarri" : "^ 2",
    "à la puissance" : "^"
  },
  "scales" : {
    "cent" : "* 100",
    "mille" : "* 1000",
    "un million" : "* 1000000",
    "un milliard" : "* 1000000000",
    "billions de dollars" : "* 1000000000000"
  }
}
