{
  "numbers" : {
    "uno" : 1,
    "due" : 2,
    "tre" : 3,
    "quattro" : 4,
    "cinque" : 5,
    "sei" : 6,
    "sette" : 7,
    "otto" : 8,
    "nove" : 9,
    "dieci" : 10,
    "undici" : 11,
    "dodici" : 12,
    "tredici" : 13,
    "quattordici" : 14,
    "quindici" : 15,
    "sedici" : 16,
    "diciassette" : 17,
    "diciotto" : 18,
    "diciannove" : 19,
    "venti" : 20,
    "trenta" : 30,
    "quaranta" : 40,
    "cinquanta" : 50,
    "sessanta" : 60,
    "settanta" : 70,
    "ottanta" : 80,
    "novanta" : 90
  },
  "words" : {
    "più" : "+",
    "diviso" : "/",
    "meno" : "-",
    "per" : "*",
    "al quadrato" : "^ 2",
    "alla potenza di" : "^"
  },
  "scales" : {
    "centinaia" : "* 100",
    "migliaia" : "* 1000",
    "milioni" : "* 1000000",
    "miliardi" : "* 1000000000",
    "bilioni" : "* 1000000000000"
  }
}
