{
  "numbers" : {
    "शून्य" : "0",	
    "एक" : "१",
    "दोन" : "२",
    "तीन" : "३",
    "चार" : "४",
    "पाच" : "५",
    "सहा" : "६",
    "सात" : "७",
    "आठ" : "८",
    "नऊ" : "९",
    "दहा" : "१०",
    "अकरा": "११",
    "बारा" : "१२",
    "तेरा" : "१३",
    "चौदा" : "१४",
    "पंधरा" : "१५",
    "सोळा" : "१६",
    "सतरा" : "१७",
    "अठरा" : "१८",
    "एकोणीस": "१९",
    "वीस" : "२०",
    "तीस" : "३०",
    "चाळीस" : "४०",
    "पन्नास" : "५०",
    "साठ" : "६०",
    "सत्तर" : "७०",
    "ऐंशी" : "८०",
    "नव्वद" : "९०",
    "शंभर" : "१००"
  },
  "words" : {
    "बेरीज" : "+",
    "भागाकार" : "/",
    "वजाबाकी" : "-",
    "गुणाकार" : "*",
    "(संख्या)वर्ग" : "^ 2",
    "गुण्या करण्यासाठी" : "^"
  },
  "scales" : {
    "शंभर" : "* 100",
    "हजार" : "* 1000",
    "दशलक्ष" : "* 1000000",
    "अब्ज" : "* 1000000000",
    "खर्व" : "* 1000000000000"
  }
}